Title,Abstract,Keywords
"Accessibility in Virtual Reality: Design Considerations for Users with Disabilities","Focusing on virtual reality accessibility, this research examines design considerations for users with disabilities. Through user testing and expert evaluations, we propose guidelines to create VR experiences that accommodate diverse user needs.","Virtual reality accessibility, Users with disabilities, VR design considerations, User testing, Expert evaluations, Accessibility guidelines, Inclusive VR experiences"
"Adapting Web Interfaces for Users with Dyslexia: A Usability Analysis","This study analyzes the usability of web interfaces adapted for users with dyslexia. By conducting usability tests and readability assessments, we assess the effectiveness of dyslexia-friendly design in improving user experience for dyslexic individuals.","Web Interfaces, Dyslexia, Usability Analysis, Usability Testing, Dyslexia-Friendly Design, Readability Assessments"
"Adaptive UIs for Inclusive Web Experiences: Tailoring Interfaces to User Needs","Using adaptive user interfaces (UIs), this study aims to provide inclusive web experiences. Through usability testing and AI-driven adaptation, we create interfaces that cater to diverse user needs and preferences.","Adaptive UIs, Inclusive web experiences, Usability testing, AI-driven adaptation, User needs, User preferences"
"Adaptive User Interfaces for Multimodal Interaction on the Web","Focusing on multimodal interaction, this research explores adaptive user interfaces for seamless web experiences. Using machine learning and user behavior analysis, we develop interfaces that adapt to users' preferred input modalities and device capabilities.","Adaptive user interfaces, Multimodal interaction, Web experiences, Machine learning, User behavior analysis, Input modalities, Device capabilities"
"Adaptive User Interfaces: Personalizing the Web Experience","This study examines adaptive user interfaces that personalize the web experience based on user preferences and behavior. Through machine learning algorithms and user feedback, the research explores how adaptive interfaces enhance user satisfaction and content relevance.","Adaptive user interfaces, Personalization, Web experience, Machine learning, User preferences, Content relevance"
"Adaptive Web Design for Multidevice Compatibility: A Performance Analysis","This research analyzes the performance of adaptive web design in ensuring multidevice compatibility. Through performance testing and user feedback, we assess the effectiveness of adaptive techniques in delivering consistent user experiences across different devices.","Adaptive Web Design, Multidevice Compatibility, Performance Analysis, Performance Testing, Consistent User Experiences"
"Analyzing the Impact of Color Schemes on User Perception in Web Design","This study investigates the influence of color schemes on user perception in web design. Employing eye-tracking technology and surveys, we analyze how color choices affect user attention, emotion, and brand perception.","Color schemes, User perception, Web design, Eye-tracking, Surveys, Brand perception"
"AR-Enhanced Web Experiences: Exploring Augmented Reality Integration in User Interfaces","This study explores the integration of augmented reality (AR) in web interfaces for enhanced user experiences. By conducting usability testing and user feedback, we examine the potential of AR to transform web interactions.","AR-Enhanced web experiences, Augmented reality integration, User interfaces, Usability testing, User feedback, AR in web interactions"
"Augmented Reality in Tourism: Enhancing User Engagement and Destination Exploration","Incorporating augmented reality (AR) technology, this study explores its impact on user engagement and destination exploration in the tourism industry. By conducting surveys and usage data analysis, we assess AR's potential to revolutionize the travel experience.","Augmented reality, Tourism, User engagement, Destination exploration, Surveys, Usage data analysis"
"Augmented Reality in Web Browsing: Enhancing User Interaction and Engagement","This research explores the integration of augmented reality (AR) in web browsing and its impact on user interaction and engagement. Through user studies and performance metrics, the study assesses AR's potential to create immersive and interactive web experiences.","Augmented reality, Web browsing, User interaction, User engagement, User studies, Performance metrics"
"Chatbot Interactions in Customer Support: User Satisfaction and Efficiency Analysis","Examining chatbot interactions in customer support, this research evaluates user satisfaction and efficiency. Through customer feedback and response time analysis, we assess the effectiveness of chatbots as a support tool and explore areas for improvement.","Chatbot interactions, Customer support, User satisfaction, Efficiency analysis, Customer feedback, Response time"
"Color Psychology in Web Design: Impact on User Emotion and Perception","Focusing on color psychology, this research explores its impact on user emotion and perception in web design. By combining color palettes and user surveys, we identify color preferences for positive user experiences.","Color psychology, Web design, User emotion, User perception, Color palettes, User surveys, User experiences"
"Color Psychology in Web Design: Influence on User Behavior and Emotions","This study investigates the influence of color psychology in web design on user behavior and emotions. Through user experiments and emotion analysis, the research explores how color choices impact user perceptions and actions on websites.","Color psychology, Web design, User behavior, Emotions, User experiments, Emotion analysis"
"Color Psychology in Web Design: The Influence of Color Schemes on User Behavior","This research delves into color psychology in web design and its influence on user behavior. By conducting color preference tests and data analysis, we examine how color schemes evoke emotions and affect user actions on websites.","Color psychology, Web design, Color schemes, User behavior, Color preference tests, Data analysis, Emotions on websites"
"Cross-Platform UI Consistency: A Study of User Experience in Multi-Device Environments","Examining cross-platform UI consistency, this research assesses user experience in multi-device environments. Through usability testing and user feedback, we identify the importance of consistent design for seamless user interactions.","Cross-platform UI consistency, User experience, Multi-device environments, Usability testing, User feedback, Consistent design"
"Dark Mode Adoption in Web Design: Implications for User Comfort and Energy Efficiency","Focusing on dark mode adoption, this research examines its implications for user comfort and energy efficiency. Through user surveys and energy consumption analysis, we evaluate the benefits and drawbacks of dark mode implementations.","Dark mode adoption, Web design, User comfort, Energy efficiency, User surveys, Energy consumption analysis, Dark mode benefits"
"Dark Mode Design: Impacts on User Experience and Energy Efficiency","This study investigates the user experience and energy efficiency implications of dark mode design in web interfaces and mobile apps. Through user testing and power consumption analysis, we assess the benefits and drawbacks of dark mode implementation.","Dark Mode Design, User Experience, Energy Efficiency, User Testing, Power Consumption Analysis"
"Dark Mode Design: The Impact on Visual Comfort and Energy Consumption","Focusing on dark mode implementations, this research evaluates its impact on visual comfort and energy consumption. Through eye tracking and energy usage monitoring, we assess the trade-offs between dark and light mode designs.","Dark mode design, Visual comfort, Energy consumption, Eye tracking, Energy usage monitoring, Interface design"
"Dark Mode: Impact on Visual Comfort and Battery Life in Mobile Apps","Focusing on dark mode implementation, this study assesses its impact on visual comfort and battery life in mobile applications. Using user experiments and battery consumption analysis, the research explores the trade-offs between dark and light modes for mobile users.","Dark mode, Visual comfort, Battery life, Mobile apps, User experiments, Battery consumption analysis"
"Dark Patterns in User Interfaces: Deceptive Design Practices and User Perception","This research explores the use of dark patterns in user interfaces and their impact on user perception. By conducting user surveys and ethical assessments, we examine the implications of deceptive design practices on user trust and satisfaction.","Dark patterns, User interfaces, Deceptive design practices, User perception, User trust, Ethical assessments"
"Designing Inclusive Web Forms: A User-Centered Approach for Enhanced Accessibility","This research focuses on designing inclusive web forms with improved accessibility. Through usability testing and guidelines compliance evaluation, we develop a user-centered approach to ensure an inclusive web form design for all users.","Inclusive web forms, Accessibility, Usability testing, Guidelines compliance, User-centered design, Web form design"
"Designing Intuitive User Interfaces for Web-Based Applications","This research emphasizes the importance of designing intuitive user interfaces for web-based applications. Through usability testing and user feedback, we identify key design principles and interactions that lead to better user comprehension and task efficiency.","Intuitive user interfaces, Web-based applications, Usability testing, User feedback, Design principles, Task efficiency, User comprehension"
"Designing Mobile Interfaces for Elderly Users: A Usability Study","This study focuses on designing mobile interfaces tailored for elderly users. By conducting usability tests and interviews, we identify design considerations to create user-friendly mobile apps for older adults.","Mobile Interfaces, Elderly Users, Usability Study, User-Friendly Design, Design Considerations"
"Designing Touchscreen Interfaces for Children: A Usability Perspective","This study focuses on designing touchscreen interfaces for children. By conducting usability tests and observations, we develop guidelines to create age-appropriate, engaging, and easy-to-use interfaces for young users.","Touchscreen Interfaces, Children, Usability Perspective, Usability Testing, Guidelines, Age-Appropriate Design"
"Designing Voice-First Interfaces: Usability Challenges and Recommendations","Focusing on voice-first interfaces, this study addresses usability challenges. Through user testing and heuristic evaluation, we propose design recommendations to create efficient and intuitive voice interactions in web applications.","Voice-first interfaces, Usability challenges, User testing, Heuristic evaluation, Voice interactions, Design recommendations"
"Designing Web Dashboards for Data Visualization: A Comparative User Analysis","This comparative study evaluates user interactions with web dashboards for data visualization. Through user testing and dashboard performance analysis, we assess user preferences for different dashboard layouts and visualization techniques.","Web dashboards, Data visualization, Comparative user analysis, User testing, Dashboard performance analysis, Visualization techniques"
"Designing Web Forms for Enhanced Conversion: A User-Centric Approach","This study focuses on a user-centric approach to design web forms for enhanced conversion rates. Through user testing and conversion rate optimization, we identify form design elements that lead to higher completion rates and user satisfaction.","Web forms, Conversion rates, User-centric design, User testing, Conversion rate optimization, Form design elements"
"Emotion Recognition in User Interfaces: A Comparative Study of Facial Expression Analysis","This study compares emotion recognition techniques in user interfaces. By evaluating facial expression analysis and user sentiment, we assess the effectiveness of emotion-aware interfaces in capturing user emotions and feedback.","Emotion recognition, User interfaces, Facial expression analysis, User sentiment, Emotion-aware interfaces, User feedback"
"Emotion-Aware User Interfaces: Designing for Emotional Engagement on Websites","This research investigates the design of emotion-aware user interfaces to foster emotional engagement on websites. By conducting emotion recognition tests and user studies, we explore how emotionally responsive interfaces impact user experience and brand perception.","Emotion-aware user interfaces, Emotional engagement, Websites, Emotion recognition tests, User studies, User experience, Brand perception"
"Empowering User Creativity with Web-Based Graphic Design Tools","This research explores how web-based graphic design tools empower user creativity. Through user surveys and design output analysis, we assess the impact of online tools on user design capabilities and creative expression.","Web-based graphic design tools, User creativity, User surveys, Design output analysis, Online tools, Creative expression"
"Enhanced User Engagement through Microinteractions in Web Applications","This study investigates the impact of microinteractions in web applications on user engagement. Through user behavior analysis and surveys, we examine how subtle animations and feedback mechanisms contribute to increased user interaction and satisfaction.","Microinteractions, User engagement, Web applications, User behavior analysis, Surveys, Feedback mechanisms"
"Enhancing E-Commerce Checkout: A Study on Cart Abandonment and User Experience","Examining e-commerce checkout processes, this study investigates cart abandonment rates and user experience. Through funnel analysis and user feedback, we propose strategies to reduce cart abandonment and improve conversion rates.","E-Commerce checkout, Cart abandonment, User experience, Funnel analysis, User feedback, Conversion rates"
"Enhancing User Engagement through Gamification in Web Applications","This research explores the use of gamification techniques to enhance user engagement in web applications. By conducting user studies and surveys, we analyze the impact of gamified elements on user motivation and interaction.","Gamification, User Engagement, Web Applications, User Studies, Surveys, User Motivation"
"Enhancing User Engagement through Microinteractions in Web Design","This research explores the impact of microinteractions in web design on user engagement. Through user testing and surveys, the study analyzes how microinteractions, such as button animations and hover effects, contribute to increased user interactivity and satisfaction in web interfaces.","Microinteractions, User engagement, Web design, User testing, Button animations, Hover effects"
"Enhancing User Engagement with Web Animations: A Comparative Analysis","This study conducts a comparative analysis of web animations in enhancing user engagement. Through A/B testing and user behavior analysis, we examine the impact of animation styles on user interactions and website engagement.","Web animations, User engagement, Comparative analysis, A/B testing, User behavior analysis, Animation styles"
"Enhancing User Experience through Dynamic Content Loading in Web Applications","This research explores the benefits of dynamic content loading in web applications to enhance user experience. Through performance testing and user surveys, we investigate how dynamic loading reduces page load times and improves overall user satisfaction.","Dynamic content loading, User experience, Web applications, Performance testing, Page load times, User satisfaction"
"Enhancing User Experience through Microinteractions in Web Design","This research explores the impact of microinteractions in web design on user experience. Through user testing and surveys, the study examines how subtle, well-crafted microinteractions, such as button animations and form validation cues, contribute to improved user engagement and satisfaction in web interfaces.","Microinteractions, User experience, Web design, User engagement, User satisfaction, Interface animations"
"Enhancing User Trust in E-Commerce Websites: The Role of Trust Seals and Security Indicators","This study investigates the role of trust seals and security indicators in enhancing user trust in e-commerce websites. Through user surveys and eye-tracking experiments, we examine how these visual cues impact users' perceived trustworthiness and purchase intentions.","User trust, E-commerce websites, Trust seals, Security indicators, Perceived trustworthiness, Purchase intentions, User surveys, Eye-tracking experiments"
"Enhancing User Trust in Online Payment Interfaces: A Human-Centered Approach","This study examines user trust in online payment interfaces. By analyzing user perceptions and security indicators, we propose a human-centered approach to build trust and confidence in e-commerce transactions.","User trust, Online payment interfaces, User perceptions, Security indicators, Human-centered approach, E-commerce transactions"
"Enhancing Web Accessibility through Voice User Interfaces","This research explores the integration of voice user interfaces (VUI) to enhance web accessibility for users with disabilities. Through usability testing and user feedback, we evaluate the effectiveness of VUI in providing inclusive web interactions.","Web Accessibility, Voice User Interfaces, Usability Testing, Inclusive Web Design, User Feedback"
"Enhancing Web Accessibility: A Comparative Analysis of Screen Reader Compatibility","This research investigates the accessibility of web interfaces for users with visual impairments. By conducting usability tests and compatibility checks with screen readers, we compare the performance of different websites in catering to diverse user needs.","Web accessibility, Screen reader compatibility, Usability tests, Visual impairments, Inclusive design"
"Enhancing Web Form Usability: A Focus on Field Label Placement and Validation Feedback","Focusing on web form usability, this research examines the impact of field label placement and validation feedback on user experience. Through usability testing and eye-tracking analysis, the study proposes best practices for intuitive and user-friendly web forms.","Web form usability, Field label placement, Validation feedback, User experience, Usability testing, Eye-tracking analysis"
"Enhancing Web Navigation with Predictive User Interfaces","This research explores the integration of predictive user interfaces in web navigation. Through user studies and data analysis, we investigate the potential of predictive features to improve user experience, task completion, and browsing efficiency.","Predictive user interfaces, Web navigation, User experience, User studies, Data analysis, Browsing efficiency"
"Enhancing Web Security through Multi-Factor Authentication and Biometrics","Focusing on web security, this research examines the effectiveness of multi-factor authentication (MFA) and biometric authentication methods. Through security analysis and user feedback, we propose a robust authentication framework to safeguard user accounts.","Web security, Multi-factor authentication, Biometric authentication, Security analysis, User feedback, Authentication framework, User accounts"
"Enhancing Website Navigation with Mega Menus: A User Perspective","This research explores the usability and user perspective of mega menus as a website navigation solution. Through usability testing and user feedback, the study examines the advantages and challenges of mega menus in providing intuitive and efficient navigation experiences.","Mega menus, Website navigation, Usability testing, User perspective, User feedback, Navigation experiences"
"Ensuring Visual Consistency in Web Design: A Style Guide Approach","This research focuses on maintaining visual consistency in web design through style guide implementation. Through expert evaluations and design consistency checks, we propose a systematic approach to ensure uniformity across web interfaces.","Visual consistency, Web design, Style guide, Expert evaluations, Design consistency checks, Uniformity across interfaces"
"Exploring Cross-Cultural Web Design: Understanding User Preferences","This research examines user preferences in cross-cultural web design. By conducting surveys across different regions, we identify cultural design preferences and propose strategies for global user experience optimization.","Cross-Cultural Web Design, User Preferences, Global User Experience, Surveys, Cultural Design Preferences"
"Exploring Cross-Platform User Interface Consistency in Web Development","Focusing on cross-platform development, this research explores the importance of user interface consistency across different devices. Through case studies and usability tests, we assess the impact of consistent design patterns on user perception and usability.","Cross-platform development, User interface consistency, Usability tests, User perception, Design patterns, Device compatibility"
"Exploring Dark Mode Design: Effects on Visual Comfort and Battery Consumption","This study analyzes the effects of dark mode design on visual comfort and battery consumption in web and mobile applications. Through eye-tracking tests and power consumption measurements, we assess the trade-offs of implementing dark mode interfaces.","Dark mode design, Visual comfort, Battery consumption, Web and mobile applications, Eye-tracking tests, Power consumption, User interface design"
"Exploring Dark Mode Design: User Experience and Energy Efficiency","This study explores the impact of dark mode design on user experience and energy efficiency. Through surveys and device battery life analysis, we assess user preferences and energy savings associated with dark mode interfaces.","Dark mode design, User experience, Energy efficiency, Surveys, Battery life analysis, User preferences"
"Exploring Eye Tracking Technology for Web Usability Studies","This study explores the application of eye tracking technology in web usability studies. By analyzing users' gaze patterns and interactions, we investigate how eye tracking data can offer valuable insights into user behavior and inform interface design decisions.","Eye tracking technology, Web usability, User behavior, Gaze patterns, Interface design, Usability studies"
"Exploring Gestural Interactions in Virtual Reality Interfaces","This study investigates the usability and user experience of gestural interactions in virtual reality (VR) interfaces. By conducting user tests and qualitative interviews, we examine the challenges and advantages of gestural input in VR applications.","Gestural Interactions, Virtual Reality Interfaces, Usability Testing, User Experience, User Tests, Qualitative Interviews"
"Exploring the Role of Gestural Interfaces in Virtual Reality Web Browsing","Focusing on virtual reality (VR) web browsing, this research explores the usability and user experience of gestural interfaces. By conducting user studies and gesture recognition analysis, we investigate the potential of gestural interactions in VR web environments.","Gestural interfaces, Virtual reality web browsing, Usability studies, User experience, Gesture recognition, Interaction design"
"Exploring Voice User Interface Challenges in Multilingual Web Applications","This research investigates the challenges of implementing voice user interfaces (VUI) in multilingual web applications. Through user studies and language-specific analysis, we identify usability issues and propose solutions to enhance VUI interactions.","Voice user interfaces, Multilingual web applications, Usability, User studies, Language-specific analysis, VUI interactions"
"Eye-Tracking Analysis of Web Design Elements: Understanding User Attention Patterns","Employing eye-tracking technology, this research analyzes user attention patterns on web design elements. By studying gaze behavior and heatmap analysis, we gain insights into optimizing user-focused web designs.","Eye-tracking analysis, Web design elements, User attention patterns, Gaze behavior, Heatmap analysis, User-focused design"
"Gamification in E-Learning: Enhancing User Motivation and Learning Outcomes","This study investigates the role of gamification in e-learning and its effect on user motivation and learning outcomes. Using a mixed-methods approach, the research evaluates the effectiveness of gamified elements, such as badges and leaderboards, in enhancing user engagement and knowledge retention.","Gamification, E-learning, User motivation, Learning outcomes, Badges, Leaderboards"
"Gamification in E-Learning: Motivating Learners and Enhancing Knowledge Retention","This study investigates the impact of gamification on e-learning platforms. By conducting experiments and knowledge retention assessments, we analyze how gamified elements, such as badges and leaderboards, influence learner motivation and knowledge retention in online educational environments.","Gamification, E-Learning, Learner motivation, Knowledge retention, Badges, Leaderboards"
"Gamifying Web Navigation: Enhancing User Engagement through Interactive Menus","This research explores the gamification of web navigation through interactive menus. By conducting user studies and behavioral analysis, we investigate how gamified navigation enhances user engagement and interaction on websites.","Gamification, Web navigation, Interactive menus, User engagement, User interaction, User studies"
"Gesture Recognition for Web Interaction: A Study of User Performance and Preferences","This study evaluates gesture recognition for web interaction and its impact on user performance and preferences. Through user tests and surveys, we identify gesture patterns that optimize user productivity and satisfaction in web interfaces.","Gesture recognition, Web interaction, User performance, User preferences, User tests, Gesture patterns, Web interfaces"
"Gesture Recognition for Web-Based Gaming: Performance and User Preference","This research assesses the performance and user preference of gesture recognition in web-based gaming. Through user surveys and gesture accuracy analysis, we evaluate the effectiveness of gesture-based interactions in gaming interfaces.","Gesture recognition, Web-based gaming, Performance analysis, User preference, User surveys, Gesture accuracy analysis"
"Gesture-Based Interactions in Web Applications: Usability and User Preference Analysis","This research evaluates the usability and user preference of gesture-based interactions in web applications. Through user testing and preference surveys, we compare gesture-based navigation with traditional interfaces to uncover user preferences.","Gesture-based interactions, Web applications, Usability evaluation, User preference, User testing, Navigation interfaces"
"Improving Accessibility of Web Forms for Users with Disabilities","This research aims to improve the accessibility of web forms for users with disabilities. Through WCAG compliance assessment and user testing, we propose design guidelines to ensure inclusive form interactions and data input processes.","Web forms, Accessibility, Users with disabilities, WCAG compliance, User testing, Inclusive design, Data input processes"
"Improving Web Accessibility with ARIA: An Evaluation of ARIA Techniques","This research evaluates the effectiveness of ARIA (Accessible Rich Internet Applications) techniques in improving web accessibility. Through usability testing and accessibility audits, we assess the impact of ARIA attributes on screen reader users' interactions.","Web accessibility, ARIA techniques, Usability testing, Accessibility audits, ARIA attributes, Screen reader users"
"Improving Web Accessibility with Voice User Interfaces","Focusing on web accessibility, this research explores the integration of voice user interfaces (VUIs). Through accessibility testing and user feedback, we analyze how VUIs can enhance web accessibility for users with disabilities.","Web accessibility, Voice user interfaces, VUIs, Accessibility testing, User feedback, Inclusive design"
"Improving Web Navigation with Mega Menus: A User-Centric Approach","This study evaluates the user experience of mega menus in web navigation. Through usability tests and eye-tracking analysis, we investigate how mega menus affect user efficiency and satisfaction in accessing website content.","Mega Menus, Web Navigation, User-Centric Approach, Usability Testing, Eye-Tracking Analysis, User Efficiency"
"Improving Website Navigation with Mega Menus: A Usability Study","This research investigates the usability of mega menus in enhancing website navigation. Through user testing and eye-tracking analysis, we examine the efficiency and user preferences of mega menus in large-scale web interfaces.","Mega menus, Website navigation, Usability study, User testing, Eye-tracking analysis, User preferences"
"Information Architecture for Large-Scale Websites: A Usability and Navigation Study","Focusing on large-scale websites, this research investigates information architecture and navigation. Through user testing and information scent analysis, we propose strategies to improve the organization and discoverability of content in complex websites.","Information architecture, Large-scale websites, Usability testing, Navigation study, Information scent analysis, Content organization"
"Integrating Augmented Reality in Online Shopping: Impact on Customer Engagement","This study explores the integration of augmented reality (AR) in online shopping experiences. By conducting user studies and engagement metrics analysis, we examine how AR features enhance customer engagement and influence purchase behavior in e-commerce.","Augmented reality, Online shopping, Customer engagement, User studies, Purchase behavior, E-commerce"
"Integrating Virtual Assistants in Web Applications: User Acceptance and Interaction Patterns","This research examines the integration of virtual assistants in web applications. Through user acceptance testing and interaction analysis, we explore the factors influencing users' adoption of virtual assistants and their preferred interaction patterns.","Virtual assistants, Web applications, User acceptance, Interaction patterns, User adoption, User testing, Interaction analysis"
"Intelligent Chatbots for Customer Support: Enhancing User Satisfaction and Service Efficiency","This research explores the use of intelligent chatbots for customer support. By analyzing customer service data and conducting user satisfaction surveys, we evaluate how AI-driven chatbots improve user experience and service efficiency in customer support scenarios.","Intelligent chatbots, Customer support, AI-driven chatbots, User satisfaction surveys, Customer service data analysis, Service efficiency, User experience"
"Intelligent Web Chatbots: Evaluating User Satisfaction and Conversational Performance","This research evaluates user satisfaction and conversational performance of intelligent web chatbots. Through user surveys and language processing analysis, we assess how AI-driven chatbots influence user interactions and overall satisfaction.","Intelligent web chatbots, User satisfaction, Conversational performance, User surveys, Language processing analysis, AI-driven chatbots"
"Interactive Web Animations: User Engagement and Usability Perspectives","Exploring interactive web animations, this study evaluates their impact on user engagement and usability. By conducting A/B testing and user experience surveys, we uncover the role of animations in enhancing web interactions.","Interactive web animations, User engagement, Usability perspectives, A/B testing, User experience surveys, Web interactions"
"Measuring User Satisfaction with Mobile Chatbot Interfaces","Using a satisfaction survey approach, this research measures user satisfaction with mobile chatbot interfaces. Through feedback analysis and usability testing, we identify factors influencing chatbot user experience and satisfaction levels.","Mobile Chatbot Interfaces, User Satisfaction, Satisfaction Survey, Feedback Analysis, Usability Testing, User Experience"
"Microinteractions for User Delight: A Case Study of E-Commerce Checkout Process","Using a case study approach, this research examines the impact of microinteractions in e-commerce checkout processes. Through user feedback and conversion rate analysis, we explore how well-designed microinteractions enhance user delight and streamline the purchasing journey.","Microinteractions, User delight, E-commerce checkout, User feedback, Conversion rate analysis, User experience"
"Mobile First vs. Desktop First Design: Comparative Usability Analysis","This comparative study evaluates the usability of mobile-first and desktop-first design approaches. Through usability testing and performance metrics, we assess which design strategy leads to better user experiences and interface efficiency.","Mobile-first design, Desktop-first design, Usability analysis, Usability testing, Performance metrics, User experience"
"Mobile Gestures for Web Navigation: A Comparative Study of User Preferences","This comparative study analyzes mobile gestures for web navigation. Through user preference surveys and performance testing, we determine the most intuitive gestures for efficient and enjoyable mobile web interactions.","Mobile gestures, Web navigation, User preferences, Comparative study, Performance testing, Mobile web interactions"
"Mobile Navigation: Evaluating the Effectiveness of Hamburger Menus","Focusing on mobile navigation, this research evaluates the effectiveness of hamburger menus on user experience. Usability testing and eye-tracking analysis are used to determine the impact of hamburger menus on user efficiency and navigation satisfaction.","Mobile navigation, Hamburger menus, User experience, Usability testing, Eye-tracking analysis, Navigation satisfaction"
"Mobile Website vs. Mobile App: A Comparative Study of User Experience and Engagement","This comparative study examines user experience and engagement differences between mobile websites and mobile apps. Through A/B testing and user behavior analysis, we investigate which platform offers a more satisfying and engaging user experience.","Mobile website, Mobile app, User experience, User engagement, A/B testing, User behavior analysis"
"Mobile-first Design: Evaluating the Impact on User Engagement and Conversion Rates","This study assesses the effects of mobile-first design principles on user engagement and conversion rates. Through A/B testing and analytics, we examine how responsive web design influences user behavior and business outcomes.","Mobile-first design, User engagement, Conversion rates, Responsive web design, A/B testing, User behavior analysis"
"Mobile-First Design: Optimizing Web Interfaces for Small Screen Devices","Using a mobile-first approach, this study examines the optimization of web interfaces for small screen devices. Through responsive design and user testing, we evaluate how mobile-first strategies lead to improved usability and accessibility.","Mobile-first design, Web interfaces, Small screen devices, Responsive design, User testing, Usability, Accessibility"
"Multimodal Interaction in Web Applications: A Usability Evaluation","Exploring multimodal interaction, this research evaluates the usability of voice, gesture, and touch-based interfaces in web applications. By conducting user studies and input accuracy analysis, we assess the effectiveness of multimodal interactions in enhancing user experience.","Multimodal interaction, Web applications, Usability evaluation, Voice interfaces, Gesture-based interfaces, Touch-based interfaces"
"Neuromarketing in Web Design: Leveraging Brain Signals for Enhanced User Experience","This research investigates the application of neuromarketing techniques in web design. By measuring brain signals and user responses, we explore how web interfaces can be optimized to evoke positive emotional responses and improve overall user experience.","Neuromarketing, Web design, Brain signals, Emotional responses, User experience, User responses"
"Optimizing Mobile Web Performance for Enhanced User Experience","This study focuses on optimizing mobile web performance for improved user experience. Through performance testing and mobile optimization strategies, we analyze the impact of page load times on user satisfaction and retention.","Mobile web performance, User experience, Performance testing, Mobile optimization, Page load times, User satisfaction, Retention"
"Optimizing Performance in Single-Page Web Applications","This research investigates performance optimization techniques for single-page web applications. Through code analysis and performance testing, we propose strategies to improve loading speed and user experience in SPAs.","Single-Page Web Applications, Performance Optimization, Code Analysis, Loading Speed, User Experience"
"Optimizing Website Loading Speed: A Comparative Study of Caching Techniques","This study compares various caching techniques to optimize website loading speed. Through performance testing and analysis, we evaluate the impact of caching strategies on user experience and website responsiveness.","Website loading speed, Caching techniques, Performance testing, User experience, Website responsiveness"
"Personalization in News Aggregation: Balancing User Interest and Filter Bubbles","Focusing on news aggregation platforms, this study analyzes the impact of personalization on user interest and potential filter bubbles. By combining data analysis and user feedback, we propose strategies to achieve a balance between personalization and diverse news exposure.","Personalization, News aggregation, User interest, Filter bubbles, Data analysis, User feedback"
"Personalization Techniques in E-Commerce: A Comparative Analysis","This research presents a comparative analysis of personalization techniques in e-commerce. Using data-driven analysis and user preferences, we explore the effectiveness of recommendation engines and personalized content in enhancing user satisfaction and conversion rates.","Personalization techniques, E-commerce, Data-driven analysis, Recommendation engines, User preferences, Conversion rates, Personalized content"
"Personalized Content Recommendation in E-Learning: A Machine Learning Approach","This study explores personalized content recommendation in e-learning platforms using machine learning algorithms. By analyzing learner behavior and employing recommendation systems, we assess how personalized content improves learning outcomes and engagement.","Personalized content recommendation, E-Learning, Machine learning algorithms, Learner behavior analysis, Recommendation systems, Learning outcomes, User engagement"
"Personalized Content Recommendations in Online Learning Platforms: Balancing Effectiveness and Privacy","This study investigates personalized content recommendations in online learning platforms. By analyzing user data and privacy concerns, we propose a framework to balance the effectiveness of recommendations with the protection of user privacy.","Personalized content recommendations, Online learning platforms, User data, Privacy concerns, Recommendation algorithms"
"Personalized Content Recommendations: Balancing Privacy and User Experience","Focusing on personalized content recommendations, this study investigates the balance between user experience and privacy concerns. By analyzing user data and feedback, we propose privacy-preserving algorithms to deliver personalized recommendations while safeguarding user privacy.","Personalized content recommendations, User experience, Privacy concerns, User data, Privacy-preserving algorithms, Content personalization"
"Personalized Content Recommendations: Balancing User Privacy and Personalization","Focusing on personalized content recommendations, this study addresses user privacy concerns. By analyzing data privacy and user preferences, we propose privacy-aware algorithms for effective and ethical content personalization.","Personalized content recommendations, User privacy, Data privacy, User preferences, Privacy-aware algorithms, Content personalization, Ethical personalization"
"Personalizing Content Recommendations in News Aggregators: A User Study","Using personalized algorithms, this study evaluates content recommendations in news aggregators. Through user feedback and content relevance analysis, we assess the impact of personalization on user engagement and news consumption habits.","Personalization, Content recommendations, News aggregators, User study, User feedback, Content relevance analysis"
"Progressive Web Apps: A Comprehensive Analysis of Performance and User Experience","This comprehensive analysis focuses on progressive web apps (PWA) to assess their performance and user experience. By comparing PWAs to native apps and traditional websites, we explore the potential of PWAs to offer fast, engaging, and reliable experiences.","Progressive web apps, PWA, Performance analysis, User experience, Native apps, Website performance"
"Progressive Web Apps: Bridging the Gap between Web and Mobile Applications","Using progressive web apps (PWAs), this study explores the convergence of web and mobile applications. Through performance comparisons and user feedback, we evaluate the benefits of PWAs in delivering a seamless cross-platform experience.","Progressive web apps, Web and mobile applications, Performance comparisons, User feedback, Cross-platform experience, App development"
"Progressive Web Apps: Performance and User Engagement Analysis","This study assesses the performance and user engagement of progressive web apps (PWAs). Through performance testing and user behavior analysis, we examine the benefits of PWAs in terms of speed, responsiveness, and enhanced user experience.","Progressive web apps, PWAs, Performance testing, User engagement, User behavior analysis, Web app speed"
"Responsive Web Design for Multimodal Interaction: Adapting to Diverse User Needs","This study investigates the implementation of responsive web design for multimodal interaction. Employing a combination of usability tests and accessibility evaluations, the research assesses how web interfaces adapt to different input modalities, such as touch, voice, and gestures, to ensure inclusive and user-friendly experiences.","Responsive web design, Multimodal interaction, User needs, Usability testing, Accessibility, Input modalities"
"Responsive Web Design for Multiscreen Environments: A Cross-Device Study","Using a cross-device approach, this study evaluates the effectiveness of responsive web design in multiscreen environments. Through user surveys and device compatibility testing, we assess how websites adapt to various screen sizes and devices.","Responsive web design, Multiscreen environments, Cross-device study, User surveys, Device compatibility testing, Screen size adaptation"
"Responsive Web Design: Optimizing User Experience across Devices","This research investigates the importance of responsive web design in optimizing user experience across different devices. Through a comparative analysis of websites, the study highlights the benefits of responsive design in providing consistent and user-friendly experiences.","Responsive web design, User experience, Cross-device compatibility, Comparative analysis, Consistent experiences, User-friendly design"
"The Impact of Loading Time on User Abandonment in E-Commerce Websites","Investigating the effect of loading time on user behavior, this research analyzes the correlation between website loading speed and user abandonment rates in e-commerce. Through data analysis and user surveys, we propose strategies to reduce abandonment and improve website performance.","Loading time, User abandonment, E-commerce websites, Website performance, Data analysis, User surveys"
"The Role of Microinteractions in Building User Engagement on Social Media Platforms","This research investigates the impact of microinteractions on user engagement within social media platforms. By conducting data analysis and user surveys, we explore how microinteractions contribute to increased user interactions and platform retention.","Microinteractions, User engagement, Social media platforms, Data analysis, User surveys, User interactions, Platform retention"
"Understanding the Impact of Loading Animations on User Perception","This study investigates the impact of loading animations on user perception and patience during web interactions. Using eye-tracking data and user feedback, we analyze how different loading animations influence perceived waiting times and user satisfaction.","Loading animations, User perception, Web interactions, Eye-tracking data, User feedback, Perceived waiting times, User satisfaction"
"Usability Evaluation of Dark Mode in Web Design","This study evaluates the usability of dark mode in web design. Employing user testing and surveys, we assess the impact of dark mode on readability, eye strain, and user preferences to provide insights for its effective implementation.","Dark mode, Usability evaluation, Web design, User testing, Readability, Eye strain, User preferences"
"Usability Evaluation of Voice-Based Search in E-Commerce Websites","This study evaluates the usability of voice-based search in e-commerce websites. Through user testing and conversion analysis, we assess the effectiveness of voice search and its impact on user satisfaction and purchase behavior.","Voice-based search, Usability evaluation, E-commerce websites, User testing, Conversion analysis, User satisfaction, Purchase behavior"
"Usability of Password Managers: A Comparative Study of User Behavior and Security","This comparative study evaluates the usability and security of password managers. By conducting user tests and security assessments, we analyze how different password manager designs influence user behavior and security practices.","Password managers, Usability, User behavior, Security assessments, Password security, User tests"
"Usability Testing of Voice User Interfaces for Smart Home Control","Focusing on smart home control systems, this research evaluates the usability of voice user interfaces (VUI). Through usability testing and user surveys, we examine the effectiveness of VUIs in enhancing user interactions with smart home devices.","Usability testing, Voice user interfaces, Smart home control, User interactions, User satisfaction, VUI effectiveness"
"User Authentication in Web Applications: A Usability-Centered Approach","This study focuses on user authentication methods in web applications and adopts a usability-centered approach to assess their effectiveness. Through user testing and security analysis, the research proposes user-friendly authentication solutions that strike a balance between security and usability.","User authentication, Web applications, Usability-centered approach, User testing, Security analysis, User-friendly solutions"
"User Behavior Analysis in E-Commerce: Understanding Purchase Intentions","Using data mining and user behavior analysis, this study examines online shopping patterns to understand user purchase intentions in e-commerce. Insights gained from the analysis can help retailers improve conversion rates and customer satisfaction.","User Behavior Analysis, E-Commerce, Data Mining, Purchase Intentions, Conversion Rates, Customer Satisfaction"
"User Experience Evaluation of Augmented Reality on Web Browsing","This study evaluates the user experience of augmented reality (AR) in web browsing. Through usability testing and user surveys, we investigate the potential of AR overlays in enhancing content discovery and interactive web experiences.","User experience, Augmented reality, Web browsing, Usability testing, User surveys, AR overlays, Content discovery, Interactive web experiences"
"User Preferences for Dark Mode: A Cross-Cultural Analysis","This research examines user preferences for dark mode in web interfaces across different cultures. Through surveys conducted in multiple regions, the study explores the factors influencing user choices between light and dark mode, considering visual comfort, energy efficiency, and cultural design aesthetics.","Dark mode, User preferences, Cross-cultural analysis, Web interfaces, Visual comfort, Energy efficiency, Design aesthetics"
"User-Centered Navigation Design for Web Accessibility: A Comparative Study","Focusing on web accessibility, this research conducts a comparative study of user-centered navigation design. Through usability testing and accessibility evaluations, we identify navigation patterns that enhance accessibility for users with disabilities.","User-centered navigation design, Web accessibility, Usability testing, Accessibility evaluations, Navigation patterns, Users with disabilities, Inclusive design"
"User-Centric Design for Mobile Shopping Apps: A Case Study of E-Commerce Interfaces","Using a user-centric approach, this case study examines the design of mobile shopping apps in e-commerce. Through usability testing and user feedback, we identify key design elements that influence purchase behavior and user satisfaction.","Mobile shopping apps, User-centric design, E-commerce interfaces, Usability testing, Purchase behavior, User satisfaction"
"User-Centric Design of Multi-Level Navigation Menus for Complex Websites","This study focuses on the user-centric design of multi-level navigation menus for complex websites. Utilizing card sorting and usability testing, we identify optimal menu structures to improve user orientation and navigation efficiency.","Multi-level navigation menus, User-centric design, Complex websites, Card sorting, Usability testing, User orientation, Navigation efficiency"
"Virtual Reality for Remote Collaboration: Assessing its Impact on Team Communication","Examining virtual reality's potential for remote collaboration, this research assesses its impact on team communication. Through real-time collaboration scenarios and feedback surveys, we evaluate the effectiveness of VR-based communication in distributed teams.","Virtual reality, Remote collaboration, Team communication, Real-time collaboration, Feedback surveys, Distributed teams"
"Virtual Reality in Web-Based Training: A Study on User Performance and Engagement","Examining virtual reality (VR) in web-based training, this research analyzes user performance and engagement. Using performance metrics and user surveys, the study assesses VR's potential to improve knowledge retention and increase learner motivation.","Virtual reality, Web-based training, User performance, User engagement, Performance metrics, Knowledge retention"
"Virtual Reality Shopping: Enhancing User Decision-Making and Shopping Experience","Examining virtual reality shopping experiences, this study investigates their impact on user decision-making and overall shopping satisfaction. By analyzing user feedback and purchase behavior, we explore the potential of VR technology to revolutionize online retail.","Virtual reality shopping, User decision-making, Shopping experience, User feedback, Purchase behavior, Online retail"
"Virtual Reality Shopping: Evaluating the Impact on Consumer Behavior and Decision-Making","This study assesses the impact of virtual reality (VR) shopping experiences on consumer behavior and decision-making. By analyzing purchase data and conducting user surveys, we explore how VR enhances product exploration and influences purchase decisions.","Virtual reality shopping, Consumer behavior, Decision-making, Purchase data analysis, User surveys, Product exploration, E-commerce"
"Virtual Reality Web Navigation: A User Experience Perspective","This study investigates user experience in virtual reality (VR) web navigation. Through user testing and VR interaction analysis, we assess user perceptions of VR interfaces and its potential for immersive web experiences.","Virtual reality, Web navigation, User experience perspective, User testing, VR interaction analysis, Immersive web experiences"
"Visual Design and Brand Perception: A Case Study of Corporate Websites","Using a case study approach, this research explores the relationship between visual design and brand perception on corporate websites. Through user surveys and brand perception analysis, we examine the impact of visual elements on brand image and user trust.","Visual Design, Brand Perception, Corporate Websites, Case Study, User Surveys, Brand Image"
"Voice Search in E-Commerce: Impact on Consumer Behavior and Purchase Decisions","This research investigates the impact of voice search on consumer behavior in e-commerce. Through user behavior analysis and purchase decision surveys, we explore how voice search influences shopping habits and user preferences.","Voice search, E-Commerce, Consumer behavior, User behavior analysis, Purchase decisions, User preferences, Shopping habits"
"Voice User Interface Usability: A Comparative Analysis of Voice Assistants","Focusing on voice user interfaces (VUIs), this study conducts a comparative analysis of voice assistants. Through usability evaluations and user feedback, we assess the strengths and weaknesses of different VUIs in web and mobile applications.","Voice user interfaces, VUI usability, Comparative analysis, Voice assistants, Usability evaluations, User feedback, Web and mobile applications"
"Voice User Interfaces: Enhancing Usability for Users with Disabilities","This research focuses on enhancing voice user interfaces (VUIs) for users with disabilities. Through usability testing and user feedback from individuals with diverse needs, we identify design improvements to make VUIs more accessible and inclusive.","Voice user interfaces, VUIs, Usability testing, Accessibility, Users with disabilities, Inclusive design"
"Voice User Interfaces: Usability Challenges and Design Guidelines","Focusing on voice user interfaces (VUI), this research examines usability challenges and design guidelines for VUI interactions. Through user surveys and expert evaluations, the study identifies common issues and proposes best practices for creating intuitive and efficient VUIs.","Voice user interfaces, Usability challenges, Design guidelines, VUI interactions, User surveys, Expert evaluations"
"Web Accessibility Compliance: Challenges and Best Practices for Developers","This study addresses web accessibility compliance challenges faced by developers. By analyzing WCAG guidelines and conducting developer interviews, we propose best practices to ensure inclusive and compliant web designs.","Web accessibility compliance, Developer challenges, WCAG guidelines, Developer interviews, Best practices, Inclusive web designs"
"Web Accessibility Compliance: Challenges and Strategies for Inclusive Design","This research addresses web accessibility compliance challenges and strategies. Through compliance audits and interviews with web developers, we identify barriers to accessibility and propose best practices for creating inclusive web experiences for all users.","Web accessibility, Accessibility compliance, Inclusive design, Compliance audits, Web developers, Inclusive web experiences"
"Web Accessibility for Visually Impaired Users: Evaluating Screen Reader Compatibility","This research evaluates web accessibility for visually impaired users. By testing screen reader compatibility and conducting user surveys, we identify barriers and propose guidelines for designing more accessible web interfaces.","Web accessibility, Visually impaired users, Screen reader compatibility, User surveys, Accessible web interfaces, Accessibility guidelines"
"Web Accessibility: A Comprehensive Review of WCAG Guidelines","This comprehensive review examines the Web Content Accessibility Guidelines (WCAG) and their impact on web accessibility. Through a content analysis of websites and expert evaluations, the research assesses the level of adherence to WCAG principles and identifies areas for improvement.","Web accessibility, WCAG guidelines, Content analysis, Expert evaluations, Accessibility principles, Inclusive design"
"Web Animation and User Engagement: A Comparative Study","This research compares the impact of web animation on user engagement. Through A/B testing and user behavior analysis, we explore how animations influence user attention, interaction, and overall website satisfaction.","Web Animation, User Engagement, A/B Testing, User Behavior Analysis, Interaction, Website Satisfaction"
"Web Design for Older Adults: Overcoming Usability Challenges in Age-Related User Interfaces","This study addresses usability challenges in web design for older adults. By conducting user testing and accessibility evaluations, we identify design recommendations to create age-friendly interfaces for elderly users.","Web design for older adults, Usability challenges, Age-related interfaces, User testing, Accessibility, Age-friendly design"
"Web Design Trends: A Comparative Analysis of Top Websites","This comparative analysis examines web design trends among top websites across different industries. Through visual inspections and trend identification, the research highlights common design elements and trends that contribute to modern and visually appealing web interfaces.","Web design trends, Comparative analysis, Top websites, Visual inspections, Trend identification, Visual appeal"
"Web Form Design: Optimizing User Input and Conversion Rates","This study examines web form design to optimize user input and conversion rates. Through form analytics and user feedback, we identify form design best practices that enhance user experience and increase form completion rates.","Web form design, User input, Conversion rates, Form analytics, User feedback, Form completion rates"